publisher_id,name,contact_email
1,(주) 조선전자,contact@publisher1.kr
2,(유) 미래나루상사,contact@publisher2.kr
3,(유) 네오,contact@publisher3.kr
4,유한회사 미래고구려상사,contact@publisher4.kr
5,유한회사 종합,contact@publisher5.kr
6,(주) 첨단,contact@publisher6.kr
7,주식회사 글로벌출판,contact@publisher7.kr
8,(유) 고구려테크,contact@publisher8.kr
9,주식회사 다올뷰티,contact@publisher9.kr
10,(유) 아름하나코스메틱,contact@publisher10.kr
11,주식회사 신라,contact@publisher11.kr
12,(주) 우리네트워크,contact@publisher12.kr
13,(유) 코어,contact@publisher13.kr
14,(주) 첨단전자,contact@publisher14.kr
15,(유) 라온소프트,contact@publisher15.kr
16,(유) 네오네트워크,contact@publisher16.kr
17,(유) 가온,contact@publisher17.kr
18,주식회사 스타,contact@publisher18.kr
19,(유) 우리에코정보통신,contact@publisher19.kr
20,유한회사 씨앤씨뷰티,contact@publisher20.kr
21,유한회사 인포,contact@publisher21.kr
22,유한회사 브레인이노제조,contact@publisher22.kr
23,유한회사 한강,contact@publisher23.kr
24,유한회사 모두고려출판,contact@publisher24.kr
25,(주) 제나,contact@publisher25.kr
26,주식회사 국민,contact@publisher26.kr
27,유한회사 우리,contact@publisher27.kr
28,유한회사 월드,contact@publisher28.kr
29,주식회사 다올,contact@publisher29.kr
30,(주) 가람제나시스템즈,contact@publisher30.kr
31,(유) 조선아름신문,contact@publisher31.kr
32,주식회사 아름,contact@publisher32.kr
33,(유) 종합모두개발공사,contact@publisher33.kr
34,유한회사 비전자동차,contact@publisher34.kr
35,유한회사 겨레라온시스템,contact@publisher35.kr
36,유한회사 원더마음제조,contact@publisher36.kr
37,유한회사 마루자동차,contact@publisher37.kr
38,(주) 에코국민플랫폼,contact@publisher38.kr
39,(주) 아름,contact@publisher39.kr
40,유한회사 조선바이오,contact@publisher40.kr
41,주식회사 시너지엔지니어링,contact@publisher41.kr
42,(주) 백제,contact@publisher42.kr
43,유한회사 인포연구소,contact@publisher43.kr
44,(유) 코리아,contact@publisher44.kr
45,(유) 라온,contact@publisher45.kr
46,주식회사 글로벌제나상사,contact@publisher46.kr
47,(유) 마음에너지,contact@publisher47.kr
48,(주) 원더은행,contact@publisher48.kr
49,(주) 발해종합신문,contact@publisher49.kr
50,(유) 가람넥스트바이오,contact@publisher50.kr
51,(유) 푸른코스메틱,contact@publisher51.kr
52,(주) 보람제나전자,contact@publisher52.kr
53,주식회사 비전,contact@publisher53.kr
54,유한회사 에코신문,contact@publisher54.kr
55,(주) 에코네트워크,contact@publisher55.kr
56,주식회사 브레인,contact@publisher56.kr
57,(주) 코리아,contact@publisher57.kr
58,유한회사 가온자동차,contact@publisher58.kr
59,주식회사 종합랩스,contact@publisher59.kr
60,(주) 스타마루개발공사,contact@publisher60.kr
61,주식회사 백제글로벌금고,contact@publisher61.kr
62,(주) 시너지,contact@publisher62.kr
63,(주) 한가람제조,contact@publisher63.kr
64,유한회사 신라한빛정보통신,contact@publisher64.kr
65,유한회사 미래첨단금고,contact@publisher65.kr
66,유한회사 스타,contact@publisher66.kr
67,(주) 글로벌기술,contact@publisher67.kr
68,(유) 인포연구소,contact@publisher68.kr
69,(주) 글로벌유니온바이오,contact@publisher69.kr
70,(주) 가야고려그룹,contact@publisher70.kr
71,(유) 신라,contact@publisher71.kr
72,(주) 고려신라테크,contact@publisher72.kr
73,(유) 중앙,contact@publisher73.kr
74,(유) 원더가야연구소,contact@publisher74.kr
75,주식회사 푸른마음그룹,contact@publisher75.kr
76,(유) 한가람기획,contact@publisher76.kr
77,유한회사 원더,contact@publisher77.kr
78,유한회사 코리아솔루션,contact@publisher78.kr
79,유한회사 미래에이아이,contact@publisher79.kr
80,(유) 씨앤씨하나출판,contact@publisher80.kr
81,유한회사 고려,contact@publisher81.kr
82,(유) 나루미래뷰티,contact@publisher82.kr
83,주식회사 겨레랩스,contact@publisher83.kr
84,(유) 시너지보안,contact@publisher84.kr
85,(주) 다올상사,contact@publisher85.kr
86,(유) 라온스타에너지,contact@publisher86.kr
87,유한회사 넥스트,contact@publisher87.kr
88,주식회사 국민국민플랫폼,contact@publisher88.kr
89,유한회사 겨레첨단개발,contact@publisher89.kr
90,주식회사 보람개발공사,contact@publisher90.kr
91,(주) 국민아름센터,contact@publisher91.kr
92,(주) 중앙발해소프트,contact@publisher92.kr
93,(유) 인포기획,contact@publisher93.kr
94,(유) 가람은행,contact@publisher94.kr
95,(유) 신라스타네트웍스,contact@publisher95.kr
96,유한회사 조선,contact@publisher96.kr
97,유한회사 브레인,contact@publisher97.kr
98,(유) 원더국민정보통신,contact@publisher98.kr
99,(주) 한빛중앙뷰티,contact@publisher99.kr
100,유한회사 중앙넥스트신문,contact@publisher100.kr
101,주식회사 시너지테크,contact@publisher101.kr
102,유한회사 이노상사,contact@publisher102.kr
103,(유) 종합,contact@publisher103.kr
104,주식회사 제나첨단시스템,contact@publisher104.kr
105,유한회사 브레인금고,contact@publisher105.kr
106,주식회사 겨레신라신문,contact@publisher106.kr
107,(주) 국민에너지,contact@publisher107.kr
108,유한회사 비전전자,contact@publisher108.kr
109,주식회사 월드기술,contact@publisher109.kr
110,유한회사 하나신라기획,contact@publisher110.kr
111,주식회사 글로벌,contact@publisher111.kr
112,(유) 유니온고구려솔루션,contact@publisher112.kr
113,유한회사 마루,contact@publisher113.kr
114,(유) 한빛중앙소프트,contact@publisher114.kr
115,유한회사 월드금고,contact@publisher115.kr
116,주식회사 발해솔루션,contact@publisher116.kr
117,(유) 한가람,contact@publisher117.kr
118,(유) 푸른첨단기획,contact@publisher118.kr
119,(주) 중앙소프트,contact@publisher119.kr
120,(유) 시너지,contact@publisher120.kr
121,유한회사 비전,contact@publisher121.kr
122,유한회사 가람에이아이,contact@publisher122.kr
123,(유) 넥스트한가람엔지니어링,contact@publisher123.kr
124,주식회사 브레인한빛기술,contact@publisher124.kr
125,유한회사 시너지비전항공,contact@publisher125.kr
126,(유) 종합출판,contact@publisher126.kr
127,유한회사 제나코스메틱,contact@publisher127.kr
128,(주) 코리아이노유통,contact@publisher128.kr
129,유한회사 이노,contact@publisher129.kr
130,주식회사 종합,contact@publisher130.kr
131,(유) 이노엔지니어링,contact@publisher131.kr
132,(유) 한빛정보통신,contact@publisher132.kr
133,주식회사 가온제조,contact@publisher133.kr
134,(유) 비전,contact@publisher134.kr
135,유한회사 글로벌보안,contact@publisher135.kr
136,(유) 미래모두신문,contact@publisher136.kr
137,주식회사 푸른,contact@publisher137.kr
138,(유) 우리,contact@publisher138.kr
139,주식회사 보람한가람보안,contact@publisher139.kr
140,유한회사 신라아름출판,contact@publisher140.kr
141,(유) 아름,contact@publisher141.kr
142,유한회사 첨단솔루션,contact@publisher142.kr
143,(유) 글로벌네트워크,contact@publisher143.kr
144,(주) 모두,contact@publisher144.kr
145,주식회사 브레인엔지니어링,contact@publisher145.kr
146,유한회사 제나,contact@publisher146.kr
147,유한회사 신라소프트,contact@publisher147.kr
148,(유) 윈드상사,contact@publisher148.kr
149,유한회사 글로벌자동차,contact@publisher149.kr
150,(주) 유니온한빛금고,contact@publisher150.kr
151,(유) 하나,contact@publisher151.kr
152,(주) 중앙푸른센터,contact@publisher152.kr
153,주식회사 한강,contact@publisher153.kr
154,(유) 월드,contact@publisher154.kr
155,주식회사 가온,contact@publisher155.kr
156,주식회사 푸른전자,contact@publisher156.kr
157,주식회사 모두,contact@publisher157.kr
158,유한회사 네오항공,contact@publisher158.kr
159,(주) 백제라온엔지니어링,contact@publisher159.kr
160,주식회사 국민시스템즈,contact@publisher160.kr
161,(주) 미래랩스,contact@publisher161.kr
162,(주) 신라,contact@publisher162.kr
163,유한회사 우리가온그룹,contact@publisher163.kr
164,주식회사 에코,contact@publisher164.kr
165,주식회사 제나반도체,contact@publisher165.kr
166,유한회사 네오마루자동차,contact@publisher166.kr
167,(주) 고려,contact@publisher167.kr
168,(유) 종합항공,contact@publisher168.kr
169,유한회사 인포출판,contact@publisher169.kr
170,(주) 네오,contact@publisher170.kr
171,(유) 다올,contact@publisher171.kr
172,(주) 고려시스템즈,contact@publisher172.kr
173,유한회사 마음,contact@publisher173.kr
174,(유) 비전라온시스템,contact@publisher174.kr
175,(주) 원더,contact@publisher175.kr
176,유한회사 보람,contact@publisher176.kr
177,유한회사 미래에코보안,contact@publisher177.kr
178,주식회사 겨레,contact@publisher178.kr
179,주식회사 발해,contact@publisher179.kr
180,유한회사 미래,contact@publisher180.kr
181,(주) 모두바이오,contact@publisher181.kr
182,유한회사 이노미래정보통신,contact@publisher182.kr
183,(유) 씨앤씨모두바이오,contact@publisher183.kr
184,주식회사 한가람유통,contact@publisher184.kr
185,(유) 하나중앙코스메틱,contact@publisher185.kr
186,(유) 고려바이오,contact@publisher186.kr
187,주식회사 원더유통,contact@publisher187.kr
188,(주) 가온출판,contact@publisher188.kr
189,유한회사 한가람정보통신,contact@publisher189.kr
190,주식회사 국민코스메틱,contact@publisher190.kr
191,유한회사 한빛네트워크,contact@publisher191.kr
192,주식회사 시너지,contact@publisher192.kr
193,(주) 우리엔지니어링,contact@publisher193.kr
194,유한회사 에코,contact@publisher194.kr
195,(주) 글로벌코어자동차,contact@publisher195.kr
196,(주) 브레인하나네트웍스,contact@publisher196.kr
197,(유) 겨레제조,contact@publisher197.kr
198,(주) 넥스트,contact@publisher198.kr
199,(유) 시너지개발공사,contact@publisher199.kr
200,(유) 나루,contact@publisher200.kr
201,유한회사 원더글로벌반도체,contact@publisher201.kr
202,(유) 신라중앙항공,contact@publisher202.kr
203,유한회사 코리아정보통신,contact@publisher203.kr
204,주식회사 한가람한강네트웍스,contact@publisher204.kr
205,유한회사 백제신문,contact@publisher205.kr
206,(주) 원더시스템즈,contact@publisher206.kr
207,(유) 인포첨단상사,contact@publisher207.kr
208,유한회사 원더가온랩스,contact@publisher208.kr
209,(유) 시너지항공,contact@publisher209.kr
210,(유) 첨단상사,contact@publisher210.kr
211,(주) 글로벌가야출판,contact@publisher211.kr
212,주식회사 고려하나제조,contact@publisher212.kr
213,유한회사 가야고구려출판,contact@publisher213.kr
214,주식회사 중앙마음반도체,contact@publisher214.kr
215,(주) 조선가람테크,contact@publisher215.kr
216,주식회사 다올인포유통,contact@publisher216.kr
217,유한회사 인포에코유통,contact@publisher217.kr
218,유한회사 유니온고려플랫폼,contact@publisher218.kr
219,(유) 겨레첨단출판,contact@publisher219.kr
220,(주) 브레인,contact@publisher220.kr
221,유한회사 신라출판,contact@publisher221.kr
222,(유) 모두뷰티,contact@publisher222.kr
223,(주) 하나보안,contact@publisher223.kr
224,유한회사 넥스트코스메틱,contact@publisher224.kr
225,(주) 코어유통,contact@publisher225.kr
226,(유) 월드기획,contact@publisher226.kr
227,주식회사 한빛,contact@publisher227.kr
228,유한회사 브레인은행,contact@publisher228.kr
229,유한회사 네오,contact@publisher229.kr
230,주식회사 한가람코스메틱,contact@publisher230.kr
231,(유) 라온아름솔루션,contact@publisher231.kr
232,유한회사 마루기술,contact@publisher232.kr
233,주식회사 첨단,contact@publisher233.kr
234,(주) 아름유니온은행,contact@publisher234.kr
235,주식회사 스타첨단제조,contact@publisher235.kr
236,(주) 윈드,contact@publisher236.kr
237,주식회사 보람,contact@publisher237.kr
238,(주) 고려신라보안,contact@publisher238.kr
239,주식회사 유니온에이아이,contact@publisher239.kr
240,주식회사 한가람항공,contact@publisher240.kr
241,(유) 글로벌개발공사,contact@publisher241.kr
242,(주) 글로벌푸른네트웍스,contact@publisher242.kr
243,유한회사 보람테크,contact@publisher243.kr
244,(유) 네오한강전자,contact@publisher244.kr
245,유한회사 가온백제신문,contact@publisher245.kr
246,유한회사 하나글로벌연구소,contact@publisher246.kr
247,(유) 보람,contact@publisher247.kr
248,(주) 씨앤씨,contact@publisher248.kr
249,유한회사 하나네트웍스,contact@publisher249.kr
250,주식회사 코어엔지니어링,contact@publisher250.kr
251,주식회사 윈드출판,contact@publisher251.kr
252,주식회사 인포씨앤씨시스템즈,contact@publisher252.kr
253,(주) 마루아름코스메틱,contact@publisher253.kr
254,(주) 고구려코스메틱,contact@publisher254.kr
255,(주) 가온아름네트웍스,contact@publisher255.kr
256,유한회사 비전겨레소프트,contact@publisher256.kr
257,유한회사 제나시너지에너지,contact@publisher257.kr
258,(유) 미래기술,contact@publisher258.kr
259,(유) 첨단이노전자,contact@publisher259.kr
260,유한회사 인포아름전자,contact@publisher260.kr
261,(유) 고구려씨앤씨연구소,contact@publisher261.kr
262,(유) 브레인유통,contact@publisher262.kr
263,(유) 백제,contact@publisher263.kr
264,유한회사 가람신라솔루션,contact@publisher264.kr
265,유한회사 국민,contact@publisher265.kr
266,(유) 보람기획,contact@publisher266.kr
267,주식회사 신라시너지센터,contact@publisher267.kr
268,유한회사 우리코스메틱,contact@publisher268.kr
269,주식회사 중앙에코소프트,contact@publisher269.kr
270,(주) 모두테크,contact@publisher270.kr
271,(유) 유니온보람전자,contact@publisher271.kr
272,(주) 월드가온정보통신,contact@publisher272.kr
273,(주) 브레인가야시스템즈,contact@publisher273.kr
274,주식회사 비전코어네트워크,contact@publisher274.kr
275,유한회사 백제바이오,contact@publisher275.kr
276,주식회사 신라그룹,contact@publisher276.kr
277,(주) 신라네트웍스,contact@publisher277.kr
278,주식회사 가야상사,contact@publisher278.kr
279,유한회사 씨앤씨코스메틱,contact@publisher279.kr
280,주식회사 원더,contact@publisher280.kr
281,유한회사 글로벌,contact@publisher281.kr
282,(주) 중앙마루네트웍스,contact@publisher282.kr
283,(주) 윈드네트워크,contact@publisher283.kr
284,(유) 윈드네오기획,contact@publisher284.kr
285,(주) 브레인에너지,contact@publisher285.kr
286,주식회사 하나,contact@publisher286.kr
287,(유) 유니온,contact@publisher287.kr
288,(주) 우리,contact@publisher288.kr
289,유한회사 국민나루전자,contact@publisher289.kr
290,유한회사 글로벌한가람테크,contact@publisher290.kr
291,유한회사 겨레,contact@publisher291.kr
292,주식회사 한강보람기획,contact@publisher292.kr
293,(주) 글로벌코어항공,contact@publisher293.kr
294,(주) 다올소프트,contact@publisher294.kr
295,주식회사 나루,contact@publisher295.kr
296,주식회사 조선,contact@publisher296.kr
297,주식회사 우리종합에이아이,contact@publisher297.kr
298,유한회사 푸른,contact@publisher298.kr
299,(주) 글로벌솔루션,contact@publisher299.kr
300,(유) 마음국민출판,contact@publisher300.kr
301,(주) 백제중앙전자,contact@publisher301.kr
302,(주) 종합기술,contact@publisher302.kr
303,(주) 첨단센터,contact@publisher303.kr
304,주식회사 첨단조선연구소,contact@publisher304.kr
305,(유) 라온신문,contact@publisher305.kr
306,유한회사 미래조선은행,contact@publisher306.kr
307,(유) 시너지가야보안,contact@publisher307.kr
308,주식회사 한가람,contact@publisher308.kr
309,유한회사 하나자동차,contact@publisher309.kr
310,주식회사 브레인은행,contact@publisher310.kr
311,(유) 코어플랫폼,contact@publisher311.kr
312,주식회사 씨앤씨,contact@publisher312.kr
313,주식회사 월드자동차,contact@publisher313.kr
314,유한회사 고구려고려소프트,contact@publisher314.kr
315,주식회사 우리마루기술,contact@publisher315.kr
316,(유) 넥스트에너지,contact@publisher316.kr
317,주식회사 한강정보통신,contact@publisher317.kr
318,유한회사 유니온에너지,contact@publisher318.kr
319,주식회사 종합마음신문,contact@publisher319.kr
320,유한회사 한강고려네트워크,contact@publisher320.kr
321,주식회사 다올금고,contact@publisher321.kr
322,(주) 가람,contact@publisher322.kr
323,주식회사 스타코어은행,contact@publisher323.kr
324,(주) 첨단스타그룹,contact@publisher324.kr
325,유한회사 네오에코네트웍스,contact@publisher325.kr
326,주식회사 제나종합기술,contact@publisher326.kr
327,(유) 스타푸른랩스,contact@publisher327.kr
328,유한회사 첨단라온코스메틱,contact@publisher328.kr
329,(유) 아름푸른출판,contact@publisher329.kr
330,주식회사 한빛개발,contact@publisher330.kr
331,유한회사 마음그룹,contact@publisher331.kr
332,(주) 월드테크,contact@publisher332.kr
333,유한회사 고구려,contact@publisher333.kr
334,(유) 스타항공,contact@publisher334.kr
335,유한회사 고려모두전자,contact@publisher335.kr
336,(유) 인포미래네트워크,contact@publisher336.kr
337,(주) 첨단고려기술,contact@publisher337.kr
338,주식회사 윈드비전금고,contact@publisher338.kr
339,(주) 중앙우리에이아이,contact@publisher339.kr
340,유한회사 네오글로벌엔지니어링,contact@publisher340.kr
341,유한회사 글로벌글로벌네트워크,contact@publisher341.kr
342,주식회사 한강테크,contact@publisher342.kr
343,(주) 미래다올바이오,contact@publisher343.kr
344,(유) 원더시스템,contact@publisher344.kr
345,주식회사 한가람정보통신,contact@publisher345.kr
346,유한회사 첨단한가람네트웍스,contact@publisher346.kr
347,유한회사 신라,contact@publisher347.kr
348,주식회사 이노네트웍스,contact@publisher348.kr
349,(주) 비전,contact@publisher349.kr
350,주식회사 에코마루전자,contact@publisher350.kr
351,(주) 종합네트워크,contact@publisher351.kr
352,(유) 브레인출판,contact@publisher352.kr
353,(유) 마루,contact@publisher353.kr
354,(주) 제나전자,contact@publisher354.kr
355,주식회사 라온마루금고,contact@publisher355.kr
356,유한회사 한빛랩스,contact@publisher356.kr
357,유한회사 글로벌상사,contact@publisher357.kr
358,(주) 고구려,contact@publisher358.kr
359,(유) 글로벌,contact@publisher359.kr
360,주식회사 한가람반도체,contact@publisher360.kr
361,주식회사 백제기획,contact@publisher361.kr
362,주식회사 에코스타테크,contact@publisher362.kr
363,(주) 신라전자,contact@publisher363.kr
364,유한회사 원더라온금고,contact@publisher364.kr
365,유한회사 원더원더항공,contact@publisher365.kr
366,유한회사 나루코스메틱,contact@publisher366.kr
367,(유) 스타개발공사,contact@publisher367.kr
368,유한회사 시너지시스템즈,contact@publisher368.kr
369,주식회사 마루우리유통,contact@publisher369.kr
370,주식회사 가람씨앤씨그룹,contact@publisher370.kr
371,유한회사 한강보안,contact@publisher371.kr
372,유한회사 가야,contact@publisher372.kr
373,(주) 국민나루시스템즈,contact@publisher373.kr
374,(주) 글로벌,contact@publisher374.kr
375,(유) 우리한빛코스메틱,contact@publisher375.kr
376,유한회사 아름뷰티,contact@publisher376.kr
377,(유) 라온제조,contact@publisher377.kr
378,주식회사 종합보람유통,contact@publisher378.kr
379,유한회사 첨단정보통신,contact@publisher379.kr
380,(주) 라온가람상사,contact@publisher380.kr
381,(유) 제나,contact@publisher381.kr
382,유한회사 한강전자,contact@publisher382.kr
383,유한회사 아름,contact@publisher383.kr
384,(주) 백제에이아이,contact@publisher384.kr
385,주식회사 코어나루엔지니어링,contact@publisher385.kr
386,(유) 다올가온플랫폼,contact@publisher386.kr
387,(유) 가람제조,contact@publisher387.kr
388,주식회사 고려,contact@publisher388.kr
389,주식회사 푸른다올솔루션,contact@publisher389.kr
390,(유) 아름우리자동차,contact@publisher390.kr
391,주식회사 마루푸른바이오,contact@publisher391.kr
392,유한회사 넥스트마음항공,contact@publisher392.kr
393,유한회사 아름나루개발공사,contact@publisher393.kr
394,(주) 넥스트코리아바이오,contact@publisher394.kr
395,(유) 조선엔지니어링,contact@publisher395.kr
396,(주) 에코,contact@publisher396.kr
397,(주) 첨단네트워크,contact@publisher397.kr
398,유한회사 아름유통,contact@publisher398.kr
399,(주) 이노제나소프트,contact@publisher399.kr
400,주식회사 가야겨레개발공사,contact@publisher400.kr
401,주식회사 고려개발,contact@publisher401.kr
402,(주) 겨레,contact@publisher402.kr
403,(주) 가야월드그룹,contact@publisher403.kr
404,(유) 모두상사,contact@publisher404.kr
405,(유) 제나에너지,contact@publisher405.kr
406,유한회사 글로벌마루보안,contact@publisher406.kr
407,(주) 종합마음엔지니어링,contact@publisher407.kr
408,유한회사 스타고려엔지니어링,contact@publisher408.kr
409,유한회사 첨단뷰티,contact@publisher409.kr
410,(유) 글로벌신라소프트,contact@publisher410.kr
411,(주) 나루,contact@publisher411.kr
412,(유) 시너지보람보안,contact@publisher412.kr
413,(유) 모두네트워크,contact@publisher413.kr
414,주식회사 우리발해네트웍스,contact@publisher414.kr
415,(주) 한가람,contact@publisher415.kr
416,주식회사 가람전자,contact@publisher416.kr
417,유한회사 첨단신라엔지니어링,contact@publisher417.kr
418,주식회사 씨앤씨겨레에너지,contact@publisher418.kr
419,(유) 글로벌항공,contact@publisher419.kr
420,유한회사 한가람,contact@publisher420.kr
421,유한회사 글로벌한빛시스템,contact@publisher421.kr
422,유한회사 윈드한빛개발공사,contact@publisher422.kr
423,주식회사 겨레월드솔루션,contact@publisher423.kr
424,(주) 시너지글로벌개발,contact@publisher424.kr
425,(유) 유니온보람연구소,contact@publisher425.kr
426,유한회사 종합반도체,contact@publisher426.kr
427,(유) 넥스트솔루션,contact@publisher427.kr
428,주식회사 윈드정보통신,contact@publisher428.kr
429,(주) 인포,contact@publisher429.kr
430,(유) 국민스타솔루션,contact@publisher430.kr
431,(주) 스타개발공사,contact@publisher431.kr
432,유한회사 씨앤씨,contact@publisher432.kr
433,유한회사 고려네트웍스,contact@publisher433.kr
434,주식회사 백제금고,contact@publisher434.kr
435,(유) 하나네트워크,contact@publisher435.kr
436,(주) 씨앤씨전자,contact@publisher436.kr
437,유한회사 신라네오제조,contact@publisher437.kr
438,유한회사 코어유통,contact@publisher438.kr
439,주식회사 글로벌코스메틱,contact@publisher439.kr
440,주식회사 보람랩스,contact@publisher440.kr
441,주식회사 윈드중앙제조,contact@publisher441.kr
442,(유) 한빛하나보안,contact@publisher442.kr
443,유한회사 첨단종합에이아이,contact@publisher443.kr
444,유한회사 종합시스템,contact@publisher444.kr
445,유한회사 스타소프트,contact@publisher445.kr
446,주식회사 우리기술,contact@publisher446.kr
447,(주) 발해,contact@publisher447.kr
448,(주) 우리한가람코스메틱,contact@publisher448.kr
449,(유) 원더정보통신,contact@publisher449.kr
450,(유) 유니온연구소,contact@publisher450.kr
451,유한회사 가람,contact@publisher451.kr
452,(주) 아름신문,contact@publisher452.kr
453,(유) 한빛보람정보통신,contact@publisher453.kr
454,주식회사 중앙테크,contact@publisher454.kr
455,(유) 이노스타정보통신,contact@publisher455.kr
456,(유) 스타,contact@publisher456.kr
457,유한회사 가온,contact@publisher457.kr
458,주식회사 코리아,contact@publisher458.kr
459,유한회사 한빛상사,contact@publisher459.kr
460,(유) 원더,contact@publisher460.kr
461,(유) 가온나루소프트,contact@publisher461.kr
462,유한회사 종합플랫폼,contact@publisher462.kr
463,(유) 아름연구소,contact@publisher463.kr
464,유한회사 에코상사,contact@publisher464.kr
465,(유) 글로벌엔지니어링,contact@publisher465.kr
466,(주) 이노,contact@publisher466.kr
467,유한회사 보람글로벌신문,contact@publisher467.kr
468,유한회사 네오자동차,contact@publisher468.kr
469,(주) 이노한빛제조,contact@publisher469.kr
470,(유) 마음코스메틱,contact@publisher470.kr
471,유한회사 가야한강제조,contact@publisher471.kr
472,유한회사 고려에이아이,contact@publisher472.kr
473,(유) 윈드시스템즈,contact@publisher473.kr
474,(주) 월드마루센터,contact@publisher474.kr
475,(유) 아름스타연구소,contact@publisher475.kr
476,주식회사 우리미래금고,contact@publisher476.kr
477,유한회사 라온정보통신,contact@publisher477.kr
478,주식회사 마음보안,contact@publisher478.kr
479,유한회사 모두,contact@publisher479.kr
480,(유) 고구려,contact@publisher480.kr
481,주식회사 신라가온엔지니어링,contact@publisher481.kr
482,유한회사 신라아름유통,contact@publisher482.kr
483,(유) 고구려상사,contact@publisher483.kr
484,(주) 넥스트이노에너지,contact@publisher484.kr
485,주식회사 비전우리뷰티,contact@publisher485.kr
486,주식회사 첨단비전상사,contact@publisher486.kr
487,(주) 이노코리아정보통신,contact@publisher487.kr
488,유한회사 제나뷰티,contact@publisher488.kr
489,(유) 비전뷰티,contact@publisher489.kr
490,(유) 브레인,contact@publisher490.kr
491,(유) 종합코스메틱,contact@publisher491.kr
492,유한회사 브레인가온시스템,contact@publisher492.kr
493,주식회사 월드,contact@publisher493.kr
494,(주) 한빛,contact@publisher494.kr
495,(유) 발해반도체,contact@publisher495.kr
496,유한회사 비전한빛출판,contact@publisher496.kr
497,주식회사 보람유통,contact@publisher497.kr
498,주식회사 월드코어금고,contact@publisher498.kr
499,유한회사 제나출판,contact@publisher499.kr
500,(주) 보람엔지니어링,contact@publisher500.kr
501,(주) 가야코리아자동차,contact@publisher501.kr
502,유한회사 스타나루에너지,contact@publisher502.kr
503,(유) 브레인고려자동차,contact@publisher503.kr
504,주식회사 원더그룹,contact@publisher504.kr
505,주식회사 조선그룹,contact@publisher505.kr
506,(유) 브레인뷰티,contact@publisher506.kr
507,(유) 우리겨레센터,contact@publisher507.kr
508,(주) 백제에코유통,contact@publisher508.kr
509,유한회사 넥스트개발,contact@publisher509.kr
510,(주) 코어기술,contact@publisher510.kr
511,유한회사 이노네오연구소,contact@publisher511.kr
512,유한회사 에코이노반도체,contact@publisher512.kr
513,(주) 유니온네트워크,contact@publisher513.kr
514,(주) 아름하나엔지니어링,contact@publisher514.kr
515,(주) 윈드정보통신,contact@publisher515.kr
516,주식회사 원더코스메틱,contact@publisher516.kr
517,유한회사 코어항공,contact@publisher517.kr
518,주식회사 코어출판,contact@publisher518.kr
519,유한회사 가야다올연구소,contact@publisher519.kr
520,(주) 스타시스템,contact@publisher520.kr
521,(유) 이노유니온기술,contact@publisher521.kr
522,(유) 다올연구소,contact@publisher522.kr
523,유한회사 인포은행,contact@publisher523.kr
524,유한회사 시너지보람네트웍스,contact@publisher524.kr
525,(유) 발해,contact@publisher525.kr
526,유한회사 글로벌국민소프트,contact@publisher526.kr
527,(주) 이노미래상사,contact@publisher527.kr
528,주식회사 가온유통,contact@publisher528.kr
529,유한회사 유니온우리플랫폼,contact@publisher529.kr
530,주식회사 가야라온전자,contact@publisher530.kr
531,(주) 발해연구소,contact@publisher531.kr
532,(유) 윈드반도체,contact@publisher532.kr
533,주식회사 아름인포솔루션,contact@publisher533.kr
534,(유) 제나인포에이아이,contact@publisher534.kr
535,주식회사 마루소프트,contact@publisher535.kr
536,(주) 백제마음코스메틱,contact@publisher536.kr
537,(주) 원더보안,contact@publisher537.kr
538,주식회사 네오은행,contact@publisher538.kr
539,(유) 윈드백제시스템즈,contact@publisher539.kr
540,유한회사 글로벌코리아신문,contact@publisher540.kr
541,주식회사 가람네오솔루션,contact@publisher541.kr
542,주식회사 라온,contact@publisher542.kr
543,유한회사 조선기술,contact@publisher543.kr
544,(유) 이노항공,contact@publisher544.kr
545,(주) 국민글로벌솔루션,contact@publisher545.kr
546,주식회사 글로벌에코에이아이,contact@publisher546.kr
547,(주) 네오바이오,contact@publisher547.kr
548,유한회사 인포인포에이아이,contact@publisher548.kr
549,(유) 씨앤씨고구려플랫폼,contact@publisher549.kr
550,(주) 마루,contact@publisher550.kr
551,(주) 백제씨앤씨기획,contact@publisher551.kr
552,주식회사 네오,contact@publisher552.kr
553,주식회사 라온미래네트웍스,contact@publisher553.kr
554,(유) 원더유통,contact@publisher554.kr
555,유한회사 다올보안,contact@publisher555.kr
556,(주) 브레인비전출판,contact@publisher556.kr
557,주식회사 마루,contact@publisher557.kr
558,주식회사 코어하나개발,contact@publisher558.kr
559,(주) 한강보안,contact@publisher559.kr
560,주식회사 푸른자동차,contact@publisher560.kr
561,유한회사 코리아조선랩스,contact@publisher561.kr
562,주식회사 가온전자,contact@publisher562.kr
563,(유) 네오고려항공,contact@publisher563.kr
564,(주) 코어솔루션,contact@publisher564.kr
565,(주) 인포한가람그룹,contact@publisher565.kr
566,(유) 코리아넥스트출판,contact@publisher566.kr
567,유한회사 라온,contact@publisher567.kr
568,(유) 브레인항공,contact@publisher568.kr
569,(유) 한강글로벌제조,contact@publisher569.kr
570,(주) 종합뷰티,contact@publisher570.kr
571,(주) 중앙푸른상사,contact@publisher571.kr
572,주식회사 국민넥스트상사,contact@publisher572.kr
573,유한회사 다올에이아이,contact@publisher573.kr
574,유한회사 중앙개발공사,contact@publisher574.kr
575,(유) 가람엔지니어링,contact@publisher575.kr
576,(주) 푸른푸른바이오,contact@publisher576.kr
577,(주) 코어테크,contact@publisher577.kr
578,유한회사 글로벌은행,contact@publisher578.kr
579,(유) 국민,contact@publisher579.kr
580,유한회사 마루아름센터,contact@publisher580.kr
581,주식회사 신라유니온바이오,contact@publisher581.kr
582,(유) 이노,contact@publisher582.kr
583,유한회사 다올이노보안,contact@publisher583.kr
584,유한회사 한가람나루랩스,contact@publisher584.kr
585,(유) 푸른,contact@publisher585.kr
586,주식회사 이노네트워크,contact@publisher586.kr
587,(주) 마루윈드네트워크,contact@publisher587.kr
588,(유) 조선,contact@publisher588.kr
589,(주) 마음,contact@publisher589.kr
590,(주) 미래스타랩스,contact@publisher590.kr
591,유한회사 브레인개발공사,contact@publisher591.kr
592,주식회사 아름에코정보통신,contact@publisher592.kr
593,유한회사 우리보람솔루션,contact@publisher593.kr
594,유한회사 마루네오은행,contact@publisher594.kr
595,(유) 글로벌조선플랫폼,contact@publisher595.kr
596,주식회사 가람자동차,contact@publisher596.kr
597,(주) 시너지은행,contact@publisher597.kr
598,유한회사 브레인라온항공,contact@publisher598.kr
599,(주) 제나코어에너지,contact@publisher599.kr
600,주식회사 하나조선코스메틱,contact@publisher600.kr
601,(주) 아름글로벌연구소,contact@publisher601.kr
602,유한회사 아름가람네트웍스,contact@publisher602.kr
603,(주) 유니온,contact@publisher603.kr
604,(유) 에코,contact@publisher604.kr
605,주식회사 넥스트에너지,contact@publisher605.kr
606,(주) 네오코어개발공사,contact@publisher606.kr
607,유한회사 보람원더기획,contact@publisher607.kr
608,유한회사 코어,contact@publisher608.kr
609,(유) 국민유통,contact@publisher609.kr
610,유한회사 나루유니온정보통신,contact@publisher610.kr
611,유한회사 한빛출판,contact@publisher611.kr
612,유한회사 미래자동차,contact@publisher612.kr
613,유한회사 시너지푸른시스템,contact@publisher613.kr
614,(주) 스타테크,contact@publisher614.kr
615,(주) 미래에코랩스,contact@publisher615.kr
616,(유) 글로벌네트웍스,contact@publisher616.kr
617,(유) 윈드,contact@publisher617.kr
618,(유) 마음,contact@publisher618.kr
619,유한회사 한가람솔루션,contact@publisher619.kr
620,주식회사 넥스트,contact@publisher620.kr
621,(유) 백제자동차,contact@publisher621.kr
622,(유) 고려한가람기획,contact@publisher622.kr
623,유한회사 가야하나소프트,contact@publisher623.kr
624,(유) 고려은행,contact@publisher624.kr
625,유한회사 가온보람전자,contact@publisher625.kr
626,(유) 한강시스템,contact@publisher626.kr
627,(주) 원더고구려금고,contact@publisher627.kr
628,유한회사 다올신문,contact@publisher628.kr
629,(유) 이노아름그룹,contact@publisher629.kr
630,(주) 신라스타정보통신,contact@publisher630.kr
631,주식회사 에코에너지,contact@publisher631.kr
632,(주) 에코한가람뷰티,contact@publisher632.kr
633,(주) 라온하나네트웍스,contact@publisher633.kr
634,주식회사 이노비전엔지니어링,contact@publisher634.kr
635,주식회사 네오엔지니어링,contact@publisher635.kr
636,(주) 고구려가람그룹,contact@publisher636.kr
637,유한회사 보람제나보안,contact@publisher637.kr
638,주식회사 고구려,contact@publisher638.kr
639,유한회사 인포플랫폼,contact@publisher639.kr
640,주식회사 윈드미래에이아이,contact@publisher640.kr
641,주식회사 스타뷰티,contact@publisher641.kr
642,유한회사 우리비전은행,contact@publisher642.kr
643,주식회사 나루제나기획,contact@publisher643.kr
644,(주) 발해바이오,contact@publisher644.kr
645,유한회사 나루,contact@publisher645.kr
646,주식회사 모두뷰티,contact@publisher646.kr
647,(유) 우리신라시스템,contact@publisher647.kr
648,(주) 미래넥스트유통,contact@publisher648.kr
649,주식회사 국민푸른개발공사,contact@publisher649.kr
650,주식회사 라온스타시스템,contact@publisher650.kr
651,(주) 가온,contact@publisher651.kr
652,유한회사 유니온기획,contact@publisher652.kr
653,주식회사 마음,contact@publisher653.kr
654,주식회사 아름전자,contact@publisher654.kr
655,(주) 비전코리아센터,contact@publisher655.kr
656,(주) 이노금고,contact@publisher656.kr
657,유한회사 코어금고,contact@publisher657.kr
658,유한회사 미래가야기획,contact@publisher658.kr
659,유한회사 코리아,contact@publisher659.kr
660,유한회사 미래발해제조,contact@publisher660.kr
661,(유) 브레인그룹,contact@publisher661.kr
662,주식회사 제나하나유통,contact@publisher662.kr
663,(유) 발해씨앤씨전자,contact@publisher663.kr
664,유한회사 모두가야플랫폼,contact@publisher664.kr
665,유한회사 가온출판,contact@publisher665.kr
666,주식회사 한빛엔지니어링,contact@publisher666.kr
667,주식회사 고구려솔루션,contact@publisher667.kr
668,(주) 가야,contact@publisher668.kr
669,주식회사 유니온바이오,contact@publisher669.kr
670,주식회사 미래연구소,contact@publisher670.kr
671,주식회사 이노에코바이오,contact@publisher671.kr
672,(주) 글로벌기획,contact@publisher672.kr
673,유한회사 넥스트반도체,contact@publisher673.kr
674,(유) 백제에코개발공사,contact@publisher674.kr
675,(유) 보람은행,contact@publisher675.kr
676,주식회사 한강네트워크,contact@publisher676.kr
677,(주) 시너지보안,contact@publisher677.kr
678,주식회사 넥스트고구려뷰티,contact@publisher678.kr
679,(유) 제나하나플랫폼,contact@publisher679.kr
680,주식회사 이노,contact@publisher680.kr
681,주식회사 신라우리네트워크,contact@publisher681.kr
682,주식회사 브레인보람센터,contact@publisher682.kr
683,(유) 신라미래기술,contact@publisher683.kr
684,(유) 네오네트웍스,contact@publisher684.kr
685,(유) 원더신문,contact@publisher685.kr
686,(주) 가야글로벌상사,contact@publisher686.kr
687,유한회사 글로벌보람전자,contact@publisher687.kr
688,(주) 고구려출판,contact@publisher688.kr
689,(유) 글로벌에너지,contact@publisher689.kr
690,주식회사 비전나루신문,contact@publisher690.kr
691,주식회사 원더윈드금고,contact@publisher691.kr
692,(유) 유니온항공,contact@publisher692.kr
693,유한회사 유니온,contact@publisher693.kr
694,(주) 가야한빛반도체,contact@publisher694.kr
695,(주) 코어,contact@publisher695.kr
696,(유) 글로벌국민유통,contact@publisher696.kr
697,(주) 한가람푸른자동차,contact@publisher697.kr
698,(주) 우리미래뷰티,contact@publisher698.kr
699,주식회사 인포원더정보통신,contact@publisher699.kr
700,주식회사 가온모두기술,contact@publisher700.kr
701,주식회사 넥스트넥스트연구소,contact@publisher701.kr
702,주식회사 고구려제나연구소,contact@publisher702.kr
703,유한회사 가람제조,contact@publisher703.kr
704,(주) 조선,contact@publisher704.kr
705,(주) 푸른글로벌시스템,contact@publisher705.kr
706,유한회사 윈드푸른자동차,contact@publisher706.kr
707,주식회사 제나플랫폼,contact@publisher707.kr
708,유한회사 마음조선네트웍스,contact@publisher708.kr
709,(주) 보람기획,contact@publisher709.kr
710,유한회사 아름에코바이오,contact@publisher710.kr
711,(주) 나루신라바이오,contact@publisher711.kr
712,(주) 네오중앙네트워크,contact@publisher712.kr
713,(유) 시너지한강그룹,contact@publisher713.kr
714,(유) 인포자동차,contact@publisher714.kr
715,(주) 윈드백제테크,contact@publisher715.kr
716,(주) 신라시스템,contact@publisher716.kr
717,(주) 유니온플랫폼,contact@publisher717.kr
718,유한회사 가람마음코스메틱,contact@publisher718.kr
719,(주) 라온신문,contact@publisher719.kr
720,(유) 첨단,contact@publisher720.kr
721,유한회사 가야테크,contact@publisher721.kr
722,(주) 에코자동차,contact@publisher722.kr
723,유한회사 인포비전제조,contact@publisher723.kr
724,(주) 원더개발,contact@publisher724.kr
725,(주) 가람신문,contact@publisher725.kr
726,(주) 글로벌이노기술,contact@publisher726.kr
727,(유) 미래,contact@publisher727.kr
728,유한회사 발해기술,contact@publisher728.kr
729,(주) 한가람라온에이아이,contact@publisher729.kr
730,유한회사 아름모두개발,contact@publisher730.kr
731,주식회사 우리한강상사,contact@publisher731.kr
732,유한회사 제나인포센터,contact@publisher732.kr
733,(주) 국민,contact@publisher733.kr
734,(유) 조선뷰티,contact@publisher734.kr
735,(주) 네오비전에너지,contact@publisher735.kr
736,유한회사 겨레글로벌전자,contact@publisher736.kr
737,유한회사 스타씨앤씨개발공사,contact@publisher737.kr
738,(유) 다올소프트,contact@publisher738.kr
739,주식회사 신라테크,contact@publisher739.kr
740,(주) 에코에이아이,contact@publisher740.kr
741,유한회사 고구려하나센터,contact@publisher741.kr
742,(유) 하나이노네트웍스,contact@publisher742.kr
743,주식회사 넥스트보안,contact@publisher743.kr
744,(유) 고려시스템즈,contact@publisher744.kr
745,(주) 제나센터,contact@publisher745.kr
746,유한회사 글로벌푸른자동차,contact@publisher746.kr
747,(주) 라온뷰티,contact@publisher747.kr
748,유한회사 하나상사,contact@publisher748.kr
749,주식회사 에코백제시스템,contact@publisher749.kr
750,(주) 미래,contact@publisher750.kr
751,주식회사 원더항공,contact@publisher751.kr
752,(유) 씨앤씨모두자동차,contact@publisher752.kr
753,유한회사 코리아유통,contact@publisher753.kr
754,유한회사 하나글로벌랩스,contact@publisher754.kr
755,주식회사 하나윈드테크,contact@publisher755.kr
756,유한회사 네오개발,contact@publisher756.kr
757,(유) 네오신라시스템즈,contact@publisher757.kr
758,주식회사 하나기술,contact@publisher758.kr
759,(유) 유니온보람개발공사,contact@publisher759.kr
760,(주) 네오원더은행,contact@publisher760.kr
761,(유) 브레인플랫폼,contact@publisher761.kr
762,(유) 제나월드보안,contact@publisher762.kr
763,(유) 다올플랫폼,contact@publisher763.kr
764,(유) 중앙바이오,contact@publisher764.kr
765,(유) 월드솔루션,contact@publisher765.kr
766,유한회사 고려보안,contact@publisher766.kr
767,유한회사 아름가야정보통신,contact@publisher767.kr
768,(주) 미래비전유통,contact@publisher768.kr
769,(주) 코리아월드출판,contact@publisher769.kr
770,(주) 윈드한강출판,contact@publisher770.kr
771,유한회사 시너지네트워크,contact@publisher771.kr
772,(주) 원더원더시스템,contact@publisher772.kr
773,유한회사 월드시너지자동차,contact@publisher773.kr
774,(주) 라온시너지플랫폼,contact@publisher774.kr
775,(주) 한빛소프트,contact@publisher775.kr
776,주식회사 윈드고려네트웍스,contact@publisher776.kr
777,(주) 씨앤씨글로벌신문,contact@publisher777.kr
778,유한회사 월드네트워크,contact@publisher778.kr
779,(주) 보람한강제조,contact@publisher779.kr
780,유한회사 라온랩스,contact@publisher780.kr
781,(주) 브레인미래에이아이,contact@publisher781.kr
782,주식회사 글로벌월드정보통신,contact@publisher782.kr
783,(주) 첨단출판,contact@publisher783.kr
784,유한회사 모두씨앤씨기술,contact@publisher784.kr
785,(유) 가람발해상사,contact@publisher785.kr
786,(유) 중앙시스템즈,contact@publisher786.kr
787,주식회사 씨앤씨기획,contact@publisher787.kr
788,(유) 유니온씨앤씨플랫폼,contact@publisher788.kr
789,주식회사 유니온자동차,contact@publisher789.kr
790,주식회사 가야,contact@publisher790.kr
791,(주) 백제보람그룹,contact@publisher791.kr
792,(주) 비전플랫폼,contact@publisher792.kr
793,(유) 한강,contact@publisher793.kr
794,유한회사 이노테크,contact@publisher794.kr
795,(유) 한가람모두기술,contact@publisher795.kr
796,주식회사 시너지센터,contact@publisher796.kr
797,(유) 하나에코개발,contact@publisher797.kr
798,(유) 한가람시스템,contact@publisher798.kr
799,(주) 보람첨단은행,contact@publisher799.kr
800,유한회사 백제가야기술,contact@publisher800.kr
801,유한회사 넥스트한강네트웍스,contact@publisher801.kr
802,주식회사 가야바이오,contact@publisher802.kr
803,(유) 넥스트그룹,contact@publisher803.kr
804,(유) 나루신문,contact@publisher804.kr
805,(유) 브레인기술,contact@publisher805.kr
806,(유) 시너지한강기획,contact@publisher806.kr
807,(주) 윈드다올금고,contact@publisher807.kr
808,유한회사 씨앤씨출판,contact@publisher808.kr
809,(유) 가온그룹,contact@publisher809.kr
810,(주) 라온네오소프트,contact@publisher810.kr
811,유한회사 첨단,contact@publisher811.kr
812,유한회사 네오스타소프트,contact@publisher812.kr
813,(유) 한빛,contact@publisher813.kr
814,(유) 씨앤씨,contact@publisher814.kr
815,유한회사 다올조선신문,contact@publisher815.kr
816,주식회사 신라솔루션,contact@publisher816.kr
817,주식회사 제나종합시스템,contact@publisher817.kr
818,주식회사 가온고구려솔루션,contact@publisher818.kr
819,(주) 마음시스템즈,contact@publisher819.kr
820,(주) 월드,contact@publisher820.kr
821,(주) 글로벌글로벌항공,contact@publisher821.kr
